SPDES_Permit,County,Receiving_Waterbody,Drainage_Basin,Stream_Class,Year_Built,Year_Updated,Plant_Class,Population_Served
NY0000078,DELAWARE,DELAWARE RIVER-W BR,14,,,,,
NY0000132,SUFFOLK,PECONIC RIVER,17,SC,4/20/1905,6/22/1905,4A,0
NY0000167,SUFFOLK,LONG ISLAND SOUND,17,SA,4/23/1905,6/19/1905,2A,2050
NY0000191,ST LAWRENCE,OSWEGATCHIE RIVER,9,B,6/7/1905,6/12/1905,1,4600
NY0000281,LEWIS,MILL CREEK,8,C,4/22/1905,6/16/1905,1,3500
NY0000311,MONROE,OATKA CREEK,4,B,5/21/1905,6/21/1905,2A,3200
NY0000329,SCHENECTADY,MOHAWK RIVER,12,A,4/23/1905,6/21/1905,3,0
NY0000337,SUFFOLK,GREAT SOUTH BAY,17,SA,3/31/1905,5/31/1905,2,10000
NY0000345,SARATOGA,GROUNDWATER,11,GA,4/19/1905,6/6/1905,1,300
NY0000400,ESSEX,LAKE CHAMPLAIN,10,A,5/25/1905,,2A,1200
NY0000418,ESSEX,SCHROON LAKE,11,AA(T),5/26/1905,,2A,2950
NY0000426,ONEIDA,SCONONDOA CREEK,7,C(T),5/25/1905,,2A,1450
NY0000442,OSWEGO,SALMON RIVER,3,C(T),5/24/1905,6/24/1905,2A,2500
NY0000469,DELAWARE,DELAWARE RIVER-WEST BRANC,14,C(T),5/27/1905,6/24/1905,2,3208
NY0000493,ORANGE,QUAKER CREEK,13,C,5/26/1905,,3,0
NY0000515,LEWIS,BLACK RIVER,8,C,5/25/1905,6/14/1905,1,250
NY0000523,MONTGOMERY,MOHAWK RIVER,12,C,5/26/1905,6/21/1905,4A,22000
NY0000540,WAYNE,WOLCOTT CREEK SUBTRIB,3,C,5/24/1905,,2A,1600
NY0000558,ONTARIO,SULFUR CREEK,7,D,5/25/1905,6/21/1905,2A,2000
NY0000566,STEUBEN,CANISTEO RIVER,5,C,5/25/1905,6/22/1905,2,3800
NY0000574,CAYUGA,OWASCO OUTLET,7,C,5/19/1905,6/25/1905,2A,1400
NY0000612,NASSAU,BANNISTER CREEK,17,SC,4/16/1905,5/19/1905,2,6513
NY0000728,ERIE,NIAGARA RIVER,1,A(S),4/23/1905,,1,16136
NY0000736,GREENE,HUDSON RIVER,13,A,5/23/1905,,2,0
NY0000744,SARATOGA,HUDSON RIVER,11,C,5/26/1905,,2,3700
NY0000779,NIAGARA,LAKE ONTARIO,3,A,5/13/1905,6/9/1905,2,1250
NY0000825,ORANGE,MINERAL SPRING BK TRIB,13,C,5/19/1905,6/16/1905,2A,400
NY0000850,HERKIMER,MOHAWK RIVER,12,B,5/23/1905,6/10/1905,2A,7949
NY0000906,ONEIDA,MILL CREEK,8,C,4/20/1905,6/21/1905,3A,2500
NY0000957,CATTARAUGUS,ALLEGHENY RIVER,2,C,5/24/1905,,3A,6400
NY0000973,SCHENECTADY,MOHAWK RIVER,12,A,5/7/1905,5/28/1905,4A,60000
NY0001007,SCHUYLER,SENECA LAKE,7,B(T),4/19/1905,6/21/1905,3A,2490
NY0001015,ONONDAGA,NINE MILE CREEK,7,C(T),5/12/1905,6/23/1905,2A,0
NY0001023,ERIE,ELLICOTT CREEK,1,C,5/13/1905,6/7/1905,3,3500
NY0001031,CAYUGA,COLD SPRINGS BROOK,7,C,5/19/1905,,2A,2000
NY0001147,NASSAU,REYNOLDS CHANNEL,17,SB,5/4/1905,6/25/1905,3,35000
NY0001163,ALLEGANY,GENESEE RIVER,4,C(T),4/20/1905,6/19/1905,3,5200
NY0001198,MONROE,NORTHRUP CREEK,3,C,4/14/1905,6/8/1905,3A,4000
NY0001201,OSWEGO,OSWEGO RIVER,7,B,5/17/1905,6/1/1905,2A,2800
NY0001295,MADISON,PAYNE BROOK,6,C,5/21/1905,6/9/1905,3A,0
NY0001325,ERIE,LAKE ERIE,1,A(S),5/3/1905,6/6/1905,2,7000
NY0001333,ST LAWRENCE,RAQUETTE RIVER,9,B,5/22/1905,6/21/1905,3A,10000
NY0001368,CHAUTAUQUA,CHAUTAUQUA LAKE,2,A,6/1/1905,,2,3500
NY0001406,CLINTON,LAKE CHAMPLAIN-CUMBERLAND,10,A,5/9/1905,5/30/1905,2,800
NY0001490,GREENE,HUDSON RIVER,13,A,5/24/1905,,2A,1700
NY0001538,GREENE,HUDSON RIVER,13,A,5/24/1905,,2A,1750
NY0001562,GENESEE,OAK ORCHARD CREEK TRIB,3,C,5/24/1905,6/23/1905,1,750
NY0001601,ONEIDA,ORISKANY CREEK,12,B(TS),6/12/1905,6/24/1905,1,850
NY0001635,JEFFERSON,BLACK RIVER,8,C,5/14/1905,6/4/1905,1A,400
NY0001643,TOMPKINS,CAYUGA LAKE,7,A,5/9/1905,5/27/1905,4A,18000
NY0001694,CATTARAUGUS,DODGE CREEK,2,C,5/4/1905,6/10/1905,1,0
NY0001732,ESSEX,SUMNER BROOK,10,C(T),6/8/1905,6/13/1905,1,500
NY0001741,CHAUTAUQUA,CHAUTAUQUA CREEK,1,C(T),5/29/1905,6/10/1905,4A,3265
NY0001791,SUFFOLK,HUNTINGTON HARBOR,17,SA,3/29/1905,6/9/1905,3,26500
NY0001856,HERKIMER,MOOSE RIVER-MIDDLE BRANCH,8,C(T),5/16/1905,6/4/1905,2A,1200
NY0001899,ST LAWRENCE,RAQUETTE RIVER,9,B,5/23/1905,,1,1879
NY0001902,ONEIDA,FISH CREEK-W BR,7,C(T),5/26/1905,6/7/1905,2A,2700
NY0001945,ONEIDA,ORISKANY CREEK,12,B(TS),4/22/1905,6/2/1905,3A,6000
NY0001988,JEFFERSON,ST LAWRENCE RIVER,9,A,5/23/1905,,2A,683
NY0002097,CHENANGO,CHENANGO RIVER,6,B,5/24/1905,6/8/1905,2,2000
NY0002101,CHENANGO,CHENANGO RIVER,6,C,5/16/1905,6/11/1905,3,8500
NY0002127,STEUBEN,COHOCTON RIVER,5,C,4/18/1905,6/16/1905,3A,5600
NY0002143,CHENANGO,CHENANGO RIVER,6,B(T),5/24/1905,6/21/1905,2,2000
NY0002178,ERIE,SPRING BROOK,1,C(T),5/14/1905,5/26/1905,3,4300
NY0002186,WAYNE,LAKE ONTARIO TRIB,3,C,5/25/1905,6/12/1905,3A,1904
NY0002232,WYOMING,OATKA CREEK,4,C,4/22/1905,6/20/1905,2,3600
NY0002241,ULSTER,WALLKILL RIVER,13,B,4/22/1905,6/4/1905,2A,2500
NY0002267,MADISON,CHITTENANGO CREEK,7,C(T),6/7/1905,,3A,4800
NY0002275,WASHINGTON,METTAWEE RIVER,10,C(T),4/20/1905,5/29/1905,1,2646
NY0002321,DELAWARE,DELAWARE RIVER-WEST BRANC,14,C(T),5/28/1905,6/24/1905,3A,1287
NY0002330,ULSTER,ESOPUS CREEK,13,B,5/26/1905,,3,5500
NY0002372,ULSTER,HUDSON RIVER,13,A,5/16/1905,6/8/1905,2,475
NY0002399,DUTCHESS,WAPPINGERS CREEK SUBTRIB,13,B,5/14/1905,,1A,0
NY0002402,MONROE,LAKE ONTARIO,3,A,5/22/1905,6/4/1905,4A,33000
NY0002461,ESSEX,SARANAC RIVER,10,C,4/15/1905,5/26/1905,4A,7500
NY0002518,SUFFOLK,PORT JEFFERSON HARBOR,17,SA,4/1/1905,6/10/1905,2,0
NY0002551,COLUMBIA,KINDERHOOK CREEK,13,C,6/1/1905,,2A,1800
NY0002577,NASSAU,OYSTER BAY,17,SA,5/18/1905,6/14/1905,2,8500
NY0002585,CLINTON,LAKE CHAMPLAIN,10,A,6/8/1905,6/25/1905,3A,2285
NY0002607,WYOMING,TONAWANDA CREEK,1,A,6/8/1905,,3,6300
NY0002712,ERIE,CAYUGA CREEK,1,B,5/19/1905,6/13/1905,2A,174
NY0002755,SCHUYLER,CATHARINE CK & CHEMUNG CA,7,C(T),5/14/1905,6/14/1905,2,1800
NY0002763,ORLEANS,OAK ORCHARD CREEK,3,C,5/18/1905,6/8/1905,3,6500
NY0002810,ORANGE,LONG HOUSE CREEK TRIB,13,B(T),6/10/1905,,3A,0
NY0002836,CAYUGA,OWASCO OUTLET,7,C,4/20/1905,6/15/1905,4A,40000
NY0002852,ST LAWRENCE,RAQUETTE RIVER,9,B,5/23/1905,,2A,550
NY0002909,COLUMBIA,HUDSON RIVER,13,A,5/19/1905,6/2/1905,3A,7800
NY0002917,DUTCHESS,STONY CREEK,13,C,4/22/1905,6/15/1905,2,700
NY0002933,ONEIDA,ONEIDA CREEK,7,C,5/15/1905,6/6/1905,2A,3000
NY0002941,NASSAU,MANHASSET BAY,17,SC,4/17/1905,6/10/1905,2,6000
NY0002950,ERIE,SMOKE CREEK,1,C,5/11/1905,6/4/1905,4A,22000
NY0002984,ORANGE,MOODNA CREEK,13,B(T),5/22/1905,,2,7500
NY0002992,ORANGE,MOODNA CREEK,13,B(T),5/19/1905,,2A,1000
NY0003042,ESSEX,CHUBB RIVER,10,C,5/26/1905,6/26/1905,4A,15000
NY0003077,CLINTON,SARANAC RIVER,10,C,6/3/1905,6/21/1905,1,4004
NY0003255,ALBANY,NORMANS KILL,13,B,5/28/1905,6/17/1905,3A,0
NY0003328,ALBANY,NORMANS KILL,13,B,5/28/1905,5/31/1905,4A,15000
NY0003336,NIAGARA,JEDDO CREEK TRIB,3,C,5/23/1905,6/21/1905,2,1876
NY0003344,ALLEGANY,CANACADEA CREEK,5,C,4/11/1905,6/9/1905,3A,8209
NY0003352,SENECA,SENECA RIVER/BARGE CANAL,7,C,5/24/1905,,2,5000
NY0003395,ALLEGANY,LITTLE GENESEE CREEK,2,C(T),4/11/1905,6/13/1905,2A,1250
NY0003433,HERKIMER,MOHAWK RIVER,12,C,5/25/1905,6/21/1905,3,5000
NY0003441,CHAUTAUQUA,SILVER CREEK,1,C(T),5/20/1905,,2A,1906
NY0003646,LIVINGSTON,SPRING BROOK,4,C,5/21/1905,6/25/1905,2,2459
NY0003689,ORANGE,MOODNA CREEK,13,B(T),5/13/1905,5/27/1905,3,25000
NY0003701,SULLIVAN,TANNERY BROOK,14,C,3/24/1905,6/6/1905,3A,8500
NY0003808,NASSAU,MOTTS CREEK,17,SC,4/17/1905,5/21/1905,2,7000
NY0003824,JEFFERSON,ST LAWRENCE RIVER,9,A,5/26/1905,6/13/1905,2A,10000
NY0003859,SCHOHARIE,COBLESKILL CREEK,12,C(T),5/12/1905,6/16/1905,2A,890
NY0003867,ERIE,BIG SISTER CREEK,1,B,5/17/1905,6/18/1905,4A,35420
NY0003875,WAYNE,CLYDE RIVER/BARGE CANAL,7,C,3/26/1905,5/23/1905,2A,4300
NY0003905,ORANGE,HUDSON RIVER,13,B,5/14/1905,6/11/1905,3,4000
NY0003956,ONTARIO,GREAT BROOK,7,C,5/7/1905,6/16/1905,2,2300
NY0003972,PUTNAM,HUDSON RIVER,13,B,5/25/1905,,2A,2500
NY0004057,TIOGA,SUSQUEHANNA RIVER,6,B,6/21/1905,,2,0
NY0004081,ROCKLAND,RAMAPO RIVER,15,A,4/18/1905,6/5/1905,4A,13000
NY0004103,CAYUGA,OWASCO LAKE INLET,7,C(T),5/24/1905,6/14/1905,3A,3000
NY0004138,ALBANY,HUDSON RIVER,13,C,5/24/1905,6/6/1905,2A,4300
NY0004146,ESSEX,LAKE CHAMPLAIN,10,A,5/17/1905,6/9/1905,1,4000
NY0004189,WYOMING,SILVER LAKE OUTLET,4,C,5/27/1905,6/17/1905,2,7400
NY0004219,ERIE,BUFFALO RIVER,1,B,5/8/1905,5/27/1905,1,105
NY0004243,ESSEX,WINE BROOK,11,C(T),5/15/1905,,2A,250
NY0004278,STEUBEN,CANISTEO RIVER,5,C,4/25/1905,6/16/1905,2A,2336
NY0004308,ORLEANS,SANDY CREEK-EAST BRANCH,3,C,5/25/1905,,2A,1800
NY0004405,ORANGE,OTTER KILL TRIB,13,C,4/20/1905,5/24/1905,2,0
NY0004413,SUFFOLK,LIS-SMITHTOWN BAY,17,SA,4/18/1905,5/24/1905,2A,0
NY0004421,HAMILTON,CEDAR RIVER,11,B(T),4/20/1905,5/24/1905,1A,520
NY0004430,ST LAWRENCE,RACQUETTE RIVER,9,B,5/25/1905,,2A,0
NY0004472,MONTGOMERY,MOHAWK RIVER,12,B,4/17/1905,6/17/1905,3A,0
NY0004502,SULLIVAN,NEVERSINK RIVER,14,B(T),6/5/1905,6/5/1905,1,4000
NY0004588,CHAUTAUQUA,SLIPPERY ROCK CREEK,1,C,6/5/1905,6/12/1905,3,2387
NY0004596,ALLEGANY,NEW OIL CREEK,2,C,5/17/1905,6/11/1905,3A,1800
NY0004600,NASSAU,EAST ROCKAWAY INLET,17,SA,4/10/1905,6/18/1905,2,5000
NY0004618,ONTARIO,MUD CREEK,7,C,5/14/1905,6/12/1905,4,9000
NY0004839,CAYUGA,PAINES CREEK,7,C,5/24/1905,,3A,900
NY0004880,CATTARAUGUS,GREAT VALLEY CREEK,2,C(T),5/25/1905,6/24/1905,1,20000
NY0004961,COLUMBIA,STONY KILL,13,C(TS),4/21/1905,6/5/1905,2A,2600
NY0005011,OTSEGO,SUSQUEHANNA RIVER,6,B,4/15/1905,6/12/1905,3,2500
NY0005037,ST LAWRENCE,RAQUETTE RIVER,9,B,5/25/1905,,2A,0
NY0005061,WAYNE,GANARGUA CREEK,7,C,5/23/1905,6/14/1905,2,2000
NY0005096,GENESEE,DRY BROOK,3,C,4/10/1905,6/1/1905,2A,1985
NY0005100,STEUBEN,CANISTEO RIVER,5,C(T),4/12/1905,6/8/1905,4A,10000
NY0005118,SCHOHARIE,SCHOHARIE CREEK,12,C,5/8/1905,5/24/1905,2A,1100
NY0005126,ORANGE,MOODNA CREEK,13,B(T),5/24/1905,6/14/1905,3A,7100
NY0005134,ORANGE,WAWAYANDA CREEK,13,C(T),5/16/1905,6/13/1905,3,6000
NY0005151,DELAWARE,FALL CLOVE STREAM,14,,,,,
NY0005177,ST LAWRENCE,OSWEGATCHIE RIVER,9,C,5/21/1905,,2A,600
NY0005193,STEUBEN,COHOCTON RIVER,5,C,5/18/1905,6/23/1905,3A,3000
NY0005231,SUFFOLK,PATCHOGUE CREEK,17,C,5/4/1905,6/9/1905,2,4000
NY0005240,CLINTON,LITTLE AUSABLE RIVER,10,C,4/22/1905,6/7/1905,2A,5000
NY0005266,WAYNE,CLYDE RIVER,7,C,5/25/1905,,2A,2300
NY0005282,SCHENECTADY,MOHAWK RIVER,12,A,5/18/1905,6/11/1905,3A,14000
NY0005304,BROOME,"LITTLE CHOCONUT CR, SUSQU",6,C,5/19/1905,6/24/1905,1,16000
NY0005347,LIVINGSTON,BIDWELLS CR OR SALT CREEK,4,C,5/11/1905,6/6/1905,2,300
NY0005487,ONTARIO,FISH CREEK,7,C(T),5/18/1905,6/13/1905,3,1700
NY0005525,SCHOHARIE,COBLESKILL CREEK,12,C,5/30/1905,6/12/1905,3A,8000
NY0005541,CAYUGA,CAYUGA LAKE,7,A(T),5/13/1905,6/4/1905,3A,1200
NY0005622,ULSTER,TWAALTSKILL STREAM,13,C,4/22/1905,6/2/1905,2,4000
NY0005649,MONTGOMERY,MOHAWK RIVER,12,B,5/26/1905,,3A,2100
NY0005665,LIVINGSTON,CANASERAGA CREEK,4,C(T),4/24/1905,5/31/1905,3A,5600
NY0005690,BROOME,SUSQUEHANNA RIVER,6,C,5/10/1905,6/25/1905,1,50000
NY0005720,BROOME,SUSQUEHANNA RIVER,6,A,5/13/1905,5/26/1905,4A,120000
NY0005754,ORANGE,WALLKILL RIVER,13,B,5/18/1905,6/11/1905,3A,0
NY0005801,ALLEGANY,GENESEE RIVER,4,C,5/21/1905,,2,2000
NY0005835,LIVINGSTON,GENESEE RIVER,4,C,3/26/1905,5/22/1905,3A,3200
NY0005843,NIAGARA,NIAGARA RIVER,1,A(S),5/12/1905,,1,3300
NY0005851,SULLIVAN,NEVERSINK RIVER,14,B(T),4/20/1905,6/4/1905,4,22000
NY0005878,SULLIVAN,EVANS LAKE,14,B,4/23/1905,6/7/1905,2,3700
NY0005894,HERKIMER,EAST CANADA CREEK,12,B(T),3/17/1905,5/25/1905,2,2452
NY0005908,ST LAWRENCE,GRASS RIVER,9,B,5/15/1905,,2A,800
NY0005916,ONTARIO,CANANDAIGUA OUTLET,7,C,5/17/1905,6/16/1905,2,2000
NY0005932,JEFFERSON,PLEASANT CREEK,9,C,5/24/1905,,2A,0
NY0005941,ORLEANS,JOHNSON CREEK,3,C,6/2/1905,,1,953
NY0005959,RENSSELAER,HOOSIC RIVER,11,C(T),5/24/1905,,2,3800
NY0006033,FRANKLIN,CHATEAUGAY RIVER,9,C(T),6/4/1905,6/13/1905,1,1000
NY0006050,SUFFOLK,NORTHPORT HARBOR,17,SA,5/25/1905,6/25/1905,2A,9000
NY0006092,TOMPKINS,TRUMANSBURG CREEK,7,C,5/17/1905,6/18/1905,3A,0
NY0006131,WASHINGTON,CHAMPLAIN CANAL,10,C,6/1/1905,,2A,3071
NY0006157,CLINTON,AUSABLE RIVER,10,C,5/21/1905,,1,2000
NY0006173,WAYNE,BARGE CANAL,7,C,5/14/1905,6/25/1905,2,3500
NY0006220,JEFFERSON,BLACK RIVER,8,C,5/28/1905,6/14/1905,4A,7000
NY0006262,CAYUGA,SENECA RIVER TRIB,7,C,5/17/1905,,1,0
NY0006297,MONROE,HONEOYE CREEK,4,B,4/19/1905,6/25/1905,2,2400
NY0006301,SCHENECTADY,MOHAWK RIVER,12,A,4/18/1905,5/31/1905,1,300
NY0006432,CHAUTAUQUA,LAKE ERIE,1,A(S),4/24/1905,6/8/1905,2A,1300
NY0006491,DUTCHESS,WAPPINGERS CREEK-E BRANCH,13,C(T),4/28/1905,5/24/1905,2A,1500
NY0006548,SULLIVAN,WILLOWEMOC CREEK,14,C(TS),5/22/1905,5/30/1905,2A,1500
NY0006629,YATES,BIG STREAM,7,D,4/11/1905,6/9/1905,2A,1600
NY0006645,ONONDAGA,LIMESTONE CREEK,7,C,4/20/1905,6/20/1905,3A,3745
NY0006734,TOMPKINS,OWASCO INLET,7,C(T),5/16/1905,5/29/1905,2A,2398
NY0006769,WAYNE,BLACK CREEK,7,C,5/27/1905,6/22/1905,3A,5000
NY0006777,STEUBEN,CHEMUNG RIVER,5,C,5/11/1905,6/21/1905,2,2200
NY0006785,STEUBEN,CHEMUNG RIVER,5,C,5/21/1905,6/23/1905,3,11500
NY0006807,ALBANY,HUDSON RIVER,13,C,5/26/1905,6/14/1905,3A,28000
NY0006815,ALBANY,HUDSON RIVER (013-033),13,C,,,1,0
NY0006823,ONEIDA,MOHAWK RIVER,12,C,5/24/1905,6/9/1905,4A,110000
NY0006840,TIOGA,SUSQUEHANNA RIVER,6,B,5/25/1905,6/24/1905,3A,0
NY0006866,CATTARAUGUS,CATTARAUGUS CR-SOUTH BRAN,1,C(T),6/8/1905,,1,500
NY0006874,ERIE,TONAWANDA CREEK,1,C,5/18/1905,6/2/1905,4A,115000
NY0006904,ONTARIO,CANANDAIGUA OUTLET TRIB,7,C,5/17/1905,6/2/1905,4,0
NY0006912,DUTCHESS,HUDSON RIVER,13,B,5/17/1905,5/25/1905,4A,13243
NY0007030,JEFFERSON,BLACK RIVER,8,C,5/18/1905,6/10/1905,4A,48000
NY0007048,CLINTON,SARANAC RIVER,10,C,5/26/1905,6/9/1905,4A,30000
NY0007056,RENSSELAER,HUDSON RIVER (002-010)(12,13,C,,,1,0
NY0007072,RENSSELAER,HUDSON RIVER,13,C,5/9/1905,6/13/1905,3A,0
NY0007129,FULTON,CAYADUTTA CREEK,12,C,5/25/1905,6/13/1905,4A,0
NY0007145,ROCKLAND,HUDSON RIVER,13,SB,5/12/1905,6/17/1905,4,51800
NY0007161,DUTCHESS,WAPPINGERS CREEK SUBTRIB,13,B,5/18/1905,6/11/1905,2A,75
NY0007170,DUTCHESS,WAPPINGERS CK TRIB (UNNAM,13,C,5/19/1905,6/13/1905,2A,519
NY0007226,RICHMOND,KILL VAN KULL,17,SD,5/6/1905,5/31/1905,4A,179430
NY0007242,QUEENS,JAMAICA BAY,17,SB,4/26/1905,5/30/1905,4A,648690
NY0007579,NEW YORK,EAST RIVER,17,I,4/20/1905,6/21/1905,4A,1013783
NY0007641,QUEENS,EAST RIVER,17,I,4/21/1905,5/30/1905,4A,723589
NY0007650,KINGS,UPPER NEW YORK BAY,17,I,5/5/1905,6/17/1905,4A,771367
NY0007668,RICHMOND,LOWER NEW YORK BAY-WEST,17,SB,5/9/1905,5/31/1905,4A,147713
NY0007676,KINGS,ROCKAWAY INLET,17,SB,3/6/1905,6/14/1905,4A,621157
NY0007943,BRONX,EAST RIVER,17,I,5/5/1905,5/30/1905,4A,669076
NY0008010,KINGS,EAST RIVER,17,I,5/20/1905,,4A,1024728
NY0008087,KINGS,HENDRIX CREEK CANAL,17,I,3/4/1905,5/30/1905,4A,274259
NY0008109,QUEENS,JAMAICA BAY,17,SB,5/5/1905,5/30/1905,4A,108530
NY0008133,QUEENS,EAST RIVER,17,I,4/22/1905,5/30/1905,4A,402658
NY0008150,NEW YORK,HUDSON RIVER,13,I,6/7/1905,,4A,575839
NY0008231,DUTCHESS,HUDSON RIVER,13,A,5/30/1905,6/12/1905,4A,40000
NY0008265,DUTCHESS,HUDSON RIVER,13,A,5/12/1905,5/22/1905,3A,26000
NY0008494,NIAGARA,NIAGARA RIVER-TONAWANDA C,1,A(S),5/9/1905,6/3/1905,4,35000
NY0008559,OSWEGO,OSWEGO RIVER,7,B,5/20/1905,6/13/1905,3,13000
NY0008575,ORANGE,HUDSON RIVER,13,B,5/23/1905,,4A,0
NY0008605,ORANGE,WALLKILL RIVER,13,B,4/12/1905,6/11/1905,4A,30000
NY0008613,NIAGARA,NIAGARA RIVER-FALLS SECTI,1,A(S),5/30/1905,6/5/1905,4,61840
NY0020028,ERIE,NIAGARA RIVER-TONAWANDA C,1,A(S),4/22/1905,5/31/1905,4A,110000
NY0020061,CHAUTAUQUA,LAKE ERIE,1,A(S),5/31/1905,6/21/1905,4A,15000
NY0020079,ORANGE,WALLKILL RIVER,13,B,5/18/1905,6/7/1905,2A,3700
NY0020109,NASSAU,REYNOLDS CHANNEL,17,SB,5/2/1905,6/5/1905,4A,507000
NY0020117,HAMILTON,SACANDAGA RIVER,11,C(T),5/25/1905,6/18/1905,2A,2500
NY0020125,GENESEE,TONAWANDA CREEK,1,C,6/12/1905,6/20/1905,3,17500
NY0020141,ORANGE,NEVERSINK RIVER,14,B,5/4/1905,,2,8800
NY0020168,DELAWARE,DELAWARE RIVER-E BR,14,A(T),6/20/1905,,3,800
NY0020184,SULLIVAN,CHESTNUT CREEK,13,A(T),5/3/1905,6/19/1905,1,400
NY0020222,ULSTER,BIRCH CREEK,13,B(T),4/10/1905,6/18/1905,2,600
NY0020231,DELAWARE,BEAR KILL CREEK,12,C,4/8/1905,6/18/1905,3,600
NY0020249,GREENE,GOOSEBERRY CREEK,12,C(TS),4/8/1905,6/18/1905,3,2000
NY0020257,PUTNAM,TONETTA BROOK,13,A,5/7/1905,,2,0
NY0020265,PUTNAM,MUD POND BROOK,13,A(T),6/19/1905,,3,0
NY0020273,NASSAU,GLEN COVE CREEK,17,SC,4/2/1905,6/3/1905,4A,29000
NY0020281,TOMPKINS,CAYUGA LAKE,7,A,4/21/1905,6/9/1905,4A,50000
NY0020290,WESTCHESTER,HUDSON RIVER,13,SB,5/13/1905,6/1/1905,4A,500000
NY0020311,WESTCHESTER,LONG ISLAND SOUND,17,SB,5/8/1905,6/3/1905,4A,80000
NY0020320,WESTCHESTER,LONG ISLAND SOUND,17,SB,4/12/1905,6/15/1905,4A,80000
NY0020338,WESTCHESTER,LONG ISLAND SOUND,17,SB,5/16/1905,6/3/1905,3A,25000
NY0020389,WESTCHESTER,HALLOCKS MILL BROOK,13,A(T),5/14/1905,5/26/1905,4,10000
NY0020397,NASSAU,MANHASSET BAY,17,SB,5/4/1905,6/13/1905,3,32000
NY0020419,WESTCHESTER,LONG ISLAND SOUND,17,SB,5/17/1905,5/31/1905,4,25000
NY0020435,ONONDAGA,TIOUGHNIOGA RIVER-WEST BR,6,D,5/23/1905,6/21/1905,3A,950
NY0020478,NASSAU,LITTLE NECK BAY,17,SB,4/18/1905,6/17/1905,2,13000
NY0020486,NASSAU,ATLANTIC OCEAN,17,SA,5/26/1905,6/5/1905,4A,550000
NY0020494,ALBANY,HUDSON RIVER,13,C,5/27/1905,,4A,100000
NY0020516,ALBANY,HUDSON RIVER,13,C,5/27/1905,,4A,120000
NY0020524,WESTCHESTER,BROWN BROOK,13,,5/26/1905,,2A,3619
NY0020532,WYOMING,CATTARAUGUS CREEK,1,C(T),5/24/1905,6/18/1905,2A,2900
NY0020541,MADISON,ONEIDA CREEK,7,C,4/7/1905,6/4/1905,4A,9500
NY0020559,NASSAU,MANHASSET BAY,17,SC,5/12/1905,6/12/1905,3,14000
NY0020567,JEFFERSON,LAKE ONTARIO-BLACK RIVER,3,C,5/30/1905,6/12/1905,2A,1300
NY0020621,ONTARIO,SENECA LAKE,7,B(T),5/26/1905,6/5/1905,4A,25000
NY0020664,NIAGARA,18 MILE CREEK,3,D,4/23/1905,5/26/1905,4A,35000
NY0020672,KINGS,EAST RIVER,17,I,6/9/1905,6/11/1905,4A,201141
NY0020737,ONONDAGA,ONONDAGA LAKE,7,C,5/13/1905,6/1/1905,4A,0
NY0020818,ST LAWRENCE,OSWEGATCHIE RIVER,9,B,5/23/1905,6/5/1905,2A,900
NY0020826,DELAWARE,DELAWARE RIVER-WEST BRANC,14,B(T),5/31/1905,6/24/1905,4A,3500
NY0020869,CATTARAUGUS,ALLEGHENY RIVER,2,C,4/21/1905,6/12/1905,4A,17500
NY0020877,WAYNE,BEAR CREEK,3,C,5/28/1905,,3A,2400
NY0020907,JEFFERSON,ST LAWRENCE RIVER,9,A,5/29/1905,,2A,2100
NY0020923,CORTLAND,TIOUGHNIOGA RIVER,6,B,4/23/1905,6/17/1905,4A,0
NY0020931,CHAUTAUQUA,CASSADAGA CREEK,2,C,4/10/1905,6/7/1905,4,40000
NY0020958,ONONDAGA,ONEIDA RIVER,7,B,5/24/1905,6/23/1905,3A,0
NY0020966,ONONDAGA,SENECA RIVER,7,B,5/12/1905,5/22/1905,3,0
NY0020991,BROOME,SUSQUEHANNA RIVER,6,A,5/19/1905,5/25/1905,4,0
NY0021008,ERIE,NIAGARA RIVER,1,A(S),5/15/1905,6/1/1905,4A,15000
NY0021016,ONONDAGA,LIMESTONE CREEK,7,C,5/22/1905,6/25/1905,4A,0
NY0021181,ONONDAGA,SENECA RIVER,7,B,5/19/1905,,2A,0
NY0021334,ALBANY,MOHAWK RIVER,12,A,5/30/1905,6/21/1905,3A,0
NY0021342,NIAGARA,NIAGARA RIVER,1,A(S),5/29/1905,6/15/1905,4A,22000
NY0021351,NIAGARA,LAKE ONTARIO,3,A,5/30/1905,,3A,8996
NY0021369,FRANKLIN,SALMON RIVER,9,C,6/9/1905,,2A,1000
NY0021377,ORANGE,RAMAPO RIVER (002),15,A(T),5/30/1905,6/9/1905,4A,0
NY0021385,CHAUTAUQUA,LAKE ERIE,1,A(S),4/12/1905,6/6/1905,4A,15000
NY0021393,NIAGARA,NIAGARA RIVER-TONAWANDA C,1,A(S),5/31/1905,6/25/1905,4A,40000
NY0021407,WAYNE,LAKE ONTARIO,3,A,5/29/1905,,2A,3500
NY0021423,MONROE,LAKE ONTARIO,3,A,5/25/1905,,4A,100000
NY0021431,SARATOGA,HUDSON RIVER,11,C,5/30/1905,6/21/1905,4A,80000
NY0021466,MONROE,LAKE ONTARIO,3,A,3/31/1905,5/28/1905,4A,462224
NY0021474,CORTLAND,TIOUGHNIOGA RIVER,6,B,5/29/1905,,2A,1100
NY0021482,ORLEANS,SANDY CREEK-WEST BRANCH,3,C,6/1/1905,,4A,6000
NY0021504,ERIE,NIAGARA RIVER-UPPER SECTI,1,A(S),4/21/1905,6/2/1905,4A,600000
NY0021521,ERIE,CAZENOVIA CREEK-E.BR.,1,B,5/3/1905,6/9/1905,4A,7311
NY0021539,ONEIDA,BIG CREEK,12,C(T),5/23/1905,6/19/1905,3A,1700
NY0021547,MADISON,CHITTENANGO CREEK,7,C(T),5/30/1905,6/12/1905,3A,4500
NY0021555,ROCKLAND,HUDSON RIVER,13,SB,5/24/1905,5/30/1905,3A,40000
NY0021563,ROCKLAND,HUDSON RIVER,13,SB,5/22/1905,6/6/1905,2A,10000
NY0021571,SUFFOLK,SAG HARBOR BAY,17,SA,5/31/1905,6/6/1905,2A,500
NY0021601,PUTNAM,CROTON RIVER MID BR TRIB,13,,,,2,
NY0021610,CATTARAUGUS,ISCHUA CREEK,2,C(T),4/21/1905,6/9/1905,2A,1925
NY0021695,PUTNAM,PLUM BROOK TRIB,13,D,,,2A,
NY0021733,WARREN,HUDSON RIVER-CHAMPLAIN CA,11,C,4/21/1905,6/9/1905,4A,15000
NY0021750,CATTARAUGUS,TUNUNGWANT CREEK,2,C,6/2/1905,6/24/1905,1,750
NY0021806,ONEIDA,ORISKANY CREEK,12,B(T),5/21/1905,6/7/1905,2A,2200
NY0021822,OSWEGO,LAKE ONTARIO-OSWEGO HARBO,3,A,4/22/1905,6/1/1905,4A,10800
NY0021831,OSWEGO,LAKE ONTARIO,3,A,5/24/1905,6/18/1905,4A,9400
NY0021849,ORANGE,INDIGOT CREEK TRIB,13,C,5/21/1905,,2A,500
NY0021857,SARATOGA,MOHAWK RIVER,12,C,5/31/1905,,3A,8000
NY0021865,TOMPKINS,FALL CREEK,7,A,5/20/1905,6/19/1905,2,2500
NY0021873,BROOME,DELAWARE RIVER-WEST BRANC,14,B(T),5/28/1905,6/13/1905,2A,2000
NY0021890,OSWEGO,SNAKE CREEK,3,C,6/20/1905,,1A,120
NY0021903,DELAWARE,DELAWARE RIVER-WEST BRANC,14,C(T),5/28/1905,6/24/1905,3A,385
NY0022012,TIOGA,SUSQUEHANNA RIVER,6,C,5/19/1905,6/5/1905,2A,4430
NY0022039,DELAWARE,SUSQUEHANNA RIVER,6,B,5/24/1905,6/25/1905,2A,5000
NY0022098,SENECA,MINORS CREEK,7,C,5/10/1905,6/10/1905,1,560
NY0022110,CAYUGA,OWASCO OUTLET,7,C,,,1,0
NY0022136,ALLEGANY,VAN CAMPEN CREEK,4,C,5/23/1905,,2,2000
NY0022144,ULSTER,RONDOUT CREEK,13,C,4/29/1905,6/7/1905,4A,24000
NY0022152,PUTNAM,MUD POND BROOK TRIB,13,,5/20/1905,,1,350
NY0022187,PUTNAM,MUSCOOT RIVER TRIB,13,,,,1,
NY0022195,WAYNE,GANARGUA CREEK,7,C,5/21/1905,6/9/1905,3A,10000
NY0022217,SCHENECTADY,ALPLAUS KILL TRIB,12,C,5/27/1905,6/5/1905,2A,650
NY0022225,PUTNAM,ICE POND TRIB,13,,,,1,
NY0022331,PUTNAM,ICE POND,13,B,,,1,
NY0022357,PUTNAM,ICE POND TRIB,13,,,,1,
NY0022365,WESTCHESTER,NEW CROTON RESERVOIR TRIB,13,,,,1A,
NY0022381,ULSTER,RONDOUT CREEK,13,C(T),4/3/1905,6/2/1905,2,0
NY0022403,YATES,KEUKA LAKE OUTLET,7,C(T),6/5/1905,,3,5500
NY0022411,CHAUTAUQUA,CHAUTAUQUA LAKE,2,A,3/7/1905,5/31/1905,2,8000
NY0022420,MADISON,COWASELON CREEK,7,C,5/12/1905,6/9/1905,3A,4500
NY0022446,ST LAWRENCE,ST LAWRENCE RIVER,9,A,5/18/1905,6/2/1905,4A,12500
NY0022454,FRANKLIN,RAQUETTE POND,9,B,5/14/1905,6/14/1905,2,4000
NY0022501,NIAGARA,18 MILE CREEK-EAST BRANCH,3,C,4/26/1905,6/8/1905,2A,750
NY0022519,WESTCHESTER,HUDSON RIVER (LENTS COVE),13,SB,5/14/1905,6/20/1905,2A,2200
NY0022543,FULTON,SACANDAGA RESERVOIR,11,B,,,1,0
NY0022551,SULLIVAN,MIDDLE MONGAUP RIVER,14,B(T),6/9/1905,6/9/1905,3A,4500
NY0022586,ULSTER,WALLKILL RIVER,13,B,5/24/1905,6/22/1905,2,6000
NY0022713,ALBANY,VLY CREEK,13,C(T),5/17/1905,5/27/1905,2A,930
NY0022721,ST LAWRENCE,ST LAWRENCE R(LITTLE RV P,9,A,5/11/1905,6/20/1905,2,944
NY0022730,SULLIVAN,MONGAUP RIVER W BR TRIB 4,14,B(T),6/7/1905,,2A,3000
NY0022748,SULLIVAN,LOOMIS CREEK,14,B(T),6/7/1905,,1,300
NY0022756,ONONDAGA,ONEIDA RIVER,7,B,5/21/1905,6/22/1905,4A,0
NY0022772,LEWIS,BLACK RIVER,8,C(T),4/21/1905,6/11/1905,1,0
NY0022969,FRANKLIN,G/W-SALMON RIVER,9,GA,4/17/1905,6/21/1905,3,14000
NY0022985,ORANGE,WALLKILL RIVER,13,B,4/18/1905,6/8/1905,2,6500
NY0023019,GENESEE,OATKA CREEK,4,C,5/15/1905,6/15/1905,3A,5000
NY0023132,ONONDAGA,SENECA RIVER,7,B,6/5/1905,6/25/1905,4A,0
NY0023248,CHENANGO,SUSQUEHANNA RIVER,6,B,5/20/1905,6/11/1905,2A,1600
NY0023256,WASHINGTON,HALFWAY CREEK,10,D,4/21/1905,6/10/1905,2A,500
NY0023272,LIVINGSTON,GENESEE RIVER,4,C,5/11/1905,5/25/1905,3,7264
NY0023311,NIAGARA,LAKE ONTARIO,3,A,6/2/1905,6/23/1905,1,1120
NY0023329,PUTNAM,OSCEOLA LAKE TRIB,13,C,5/25/1905,6/4/1905,1,220
NY0023337,JEFFERSON,ST LAWRENCE RIVER,9,A,5/26/1905,,2A,1200
NY0023361,SULLIVAN,TENMILE RIVER TRIB (UNNAM,14,B(T),4/25/1905,5/1/1905,2,0
NY0023442,SULLIVAN,TURNER BROOK,14,B(T),5/17/1905,,1A,250
NY0023485,SULLIVAN,SACKETT LAKE OUTLET,14,B,5/5/1905,,2,5000
NY0023493,SULLIVAN,KIAMESHA CREEK,14,C,5/3/1905,6/13/1905,3A,9200
NY0023507,ST LAWRENCE,ST REGIS RIVER,9,B,5/17/1905,6/23/1905,2A,750
NY0023515,LIVINGSTON,CANASERAGA CREEK,4,C,5/24/1905,6/23/1905,2,3200
NY0023523,ONTARIO,CANANDAIGUA OUTLET,7,C,6/6/1905,6/9/1905,3A,3200
NY0023531,GREENE,RED KILL,12,,,,,150
NY0023558,ONEIDA,MOHAWK RIVER,12,C,4/14/1905,5/30/1905,4A,44000
NY0023566,ALBANY,HUDSON RIVER,13,C,,,1,0
NY0023574,RENSSELAER,HUDSON RIVER,13,C,6/10/1905,,2A,2000
NY0023582,COLUMBIA,CLAVERACK CREEK,13,C,4/9/1905,6/13/1905,2A,4050
NY0023591,COLUMBIA,CLAVERACK CREEK,13,C(T),6/1/1905,6/25/1905,2A,1775
NY0023604,ERIE,MURDER CREEK,1,C,5/17/1905,6/8/1905,2,3000
NY0023612,ALBANY,MOHAWK RIVER,12,C,,,1,0
NY0023621,TIOGA,CAYUTA CREEK,6,B,6/2/1905,6/8/1905,3A,5000
NY0023639,OTSEGO,SUSQUEHANNA RIVER,6,B,5/26/1905,6/16/1905,3,14954
NY0023647,ST LAWRENCE,GRASSE RIVER,9,B,5/12/1905,6/23/1905,4A,12000
NY0023655,ULSTER,ESOPUS CREEK,13,C,4/22/1905,6/2/1905,2,0
NY0023671,ORANGE,RAMAPO RIVER TRIB,15,C,4/16/1905,6/8/1905,1,825
NY0023680,ORANGE,RAMAPO RIVER,15,A(T),4/14/1905,6/10/1905,1,800
NY0023809,JEFFERSON,BLACK RIVER,8,C,5/25/1905,,2A,1200
NY0023906,COLUMBIA,KINDERHOOK CREEK,13,C,5/25/1905,6/5/1905,1,360
NY0023922,PUTNAM,MICHAELS BROOK,13,B,5/18/1905,6/21/1905,3A,3000
NY0023949,OTSEGO,OSQUIANIS CREEK,6,C(T),5/26/1905,,3A,1565
NY0023965,ONEIDA,MOHAWK RIVER,12,C,,,1,65000
NY0023973,JEFFERSON,BLACK RIVER,8,C,6/14/1905,,2A,1100
NY0023981,ORANGE,RIO GRANDE,13,C,4/22/1905,5/22/1905,2,5500
NY0023990,ALBANY,BOZEN KILL,13,C,4/3/1905,6/12/1905,2A,1800
NY0024007,WAYNE,RED CREEK,7,D,6/1/1905,,2,1500
NY0024201,PUTNAM,OSCEOLA LAKE TRIB,13,C,5/21/1905,,2A,350
NY0024228,ALLEGANY,GENESEE RIVER,4,C(T),5/23/1905,,2,1025
NY0024261,ROCKLAND,HUDSON RIVER,13,SB,5/21/1905,6/10/1905,4,157704
NY0024295,SARATOGA,FISH CREEK,11,C,4/22/1905,6/11/1905,2A,2000
NY0024333,MONROE,BLACK CREEK,4,C,5/25/1905,,3A,1850
NY0024384,ERIE,BUFFALO RIVER,1,B,5/29/1905,,2A,132
NY0024406,ERIE,CATTARAUGUS CREEK,1,C(T),5/13/1905,,3,7800
NY0024414,CLINTON,GREAT CHAZY RIVER,10,C,5/16/1905,6/20/1905,2A,1273
NY0024422,LIVINGSTON,CONESUS LAKE OUTLET,4,C,5/25/1905,6/8/1905,3,11000
NY0024431,ERIE,CAYUGA CREEK,1,C,,6/11/1905,,15000
NY0024449,MONTGOMERY,MOHAWK RIVER,12,C,5/27/1905,6/20/1905,3A,2000
NY0024481,STEUBEN,MARL BED POND TRIB,4,C,6/2/1905,,3A,1900
NY0024520,JEFFERSON,INDIAN RIVER,9,C,5/23/1905,6/9/1905,2A,1500
NY0024538,ALBANY,HUDSON RIVER,13,C,,,1,0
NY0024554,SENECA,SENECA RIVER/BARGE CANAL,7,C,5/23/1905,,4A,10000
NY0024635,LEWIS,BLACK RIVER,8,C,5/24/1905,5/30/1905,1,300
NY0024651,GREENE,HUDSON RIVER,13,A,5/26/1905,6/18/1905,2A,0
NY0024660,ST LAWRENCE,HAMMOND BROOK,9,C,5/29/1905,,1,0
NY0024678,SCHOHARIE,BRIMSTONE CREEK,12,C,3/27/1905,6/18/1905,2A,0
NY0024821,WESTCHESTER,BROAD BROOK TRIB,13,,,,2,
NY0024830,ERIE,BUFFALO RIVER,1,B,5/24/1905,,2A,324
NY0024881,ULSTER,SANDBURG CREEK,13,B(TS),5/18/1905,6/8/1905,3,0
NY0024902,ULSTER,CRYSTAL SPRING CREEK,13,,,,,
NY0024929,SARATOGA,MOHAWK RIVER,12,A,,6/21/1905,2A,
NY0025097,ORANGE,SHAWANGUNKILL TRIB,13,B,5/29/1905,6/21/1905,2A,0
NY0025101,ST LAWRENCE,OSWEGATCHIE RIVER,9,A(T),5/23/1905,6/22/1905,1,80
NY0025151,DUTCHESS,CASPER CREEK,13,C,5/18/1905,,2A,450
NY0025241,ST LAWRENCE,GULF CREEK,9,C,6/23/1905,,1A,0
NY0025259,JEFFERSON,SANDY CREEK-NORTH BRANCH,3,C,6/2/1905,,3A,1800
NY0025267,SULLIVAN,BEAVER KILL,14,C(T),4/21/1905,6/9/1905,2A,900
NY0025381,WESTCHESTER,HUNTER BROOK SUBTRIB,13,,5/25/1905,6/21/1905,1,1000
NY0025429,OSWEGO,LITTLE BAY CREEK,7,C,6/18/1905,,3A,1671
NY0025437,PUTNAM,HOLLY STREAM,13,,6/1/1905,,1,400
NY0025445,WESTCHESTER,PLUM BROOK TRIB,13,,5/22/1905,,1,
NY0025453,WESTCHESTER,NEW CROTON RES TRIB,13,C(T),5/26/1905,,,
NY0025461,DUTCHESS,WAPPINGERS CREEK SUBTRIB,13,B,5/18/1905,,2A,0
NY0025569,SULLIVAN,MCKEE BROOK,14,B(T),6/17/1905,,,1200
NY0025585,CHEMUNG,CHEMUNG RIVER,5,C,4/19/1905,6/9/1905,4,40000
NY0025607,PUTNAM,HOLLY STREAM TRIB,13,,,6/19/1905,1,
NY0025623,CHAUTAUQUA,FRENCH CREEK,2,C,6/1/1905,,2A,700
NY0025631,HERKIMER,MOHAWK RIVER,12,B,6/3/1905,,3A,0
NY0025704,OSWEGO,LITTLE SALMON RIVER,3,C,5/29/1905,,2A,1400
NY0025712,WESTCHESTER,CROSS RIVER TRIB,13,,4/23/1905,6/21/1905,1,600
NY0025721,WESTCHESTER,NEW CROTON RESERVOIR TRIB,13,,5/16/1905,6/21/1905,1,600
NY0025739,ESSEX,LACHUTE RIVER,10,D,6/1/1905,,2A,3500
NY0025747,ERIE,CAZENOVIA CREEK-W.BR.,1,B,5/20/1905,5/26/1905,2A,0
NY0025780,OSWEGO,OSWEGO RIVER,7,B,5/25/1905,5/30/1905,2A,1900
NY0025798,ONEIDA,FISH CREEK,7,C,6/1/1905,,4,0
NY0025828,CHEMUNG,CHEMUNG RIVER,5,C,5/16/1905,6/9/1905,4,30000
NY0025861,WESTCHESTER,PLUM BROOK TRIB,13,,,,2A,500
NY0025925,DUTCHESS,WAPPINGERS CREEK TRIB,13,C,5/17/1905,,1A,0
NY0025950,PUTNAM,CROTON RIVER MID BR SUBTR,13,,5/25/1905,,2A,450
NY0025968,DUTCHESS,FISHKILL CREEK,13,B(T),5/27/1905,6/11/1905,3A,2300
NY0025976,GREENE,SHANTY HOLLOW CREEK,12,,,,3A,
NY0025984,ORANGE,SLATTERLY CREEK,13,C(T),5/26/1905,,1A,600
NY0026018,ORANGE,RIDGEBURY STREAM,13,C,5/27/1905,,2A,247
NY0026026,PUTNAM,MUD POND BROOK,13,A(T),,,1,
NY0026034,PUTNAM,TONETTA BROOK TRIB,13,D,6/9/1905,,2,800
NY0026042,GREENE,BATAVIA KILL TRIB,12,,6/14/1905,,,
NY0026051,SUFFOLK,GROUNDWATER,17,GA,5/27/1905,6/16/1905,3A,0
NY0026085,SUFFOLK,GROUNDWATER,17,GA,5/26/1905,,2A,0
NY0026107,WESTCHESTER,HORTON BROOK,13,C,5/18/1905,,2A,
NY0026115,SUFFOLK,GROUNDWATER,17,GA,5/26/1905,,2A,0
NY0026131,WESTCHESTER,MUSCOOT RIVER TRIB,13,,,,1,
NY0026158,DELAWARE,DELAWARE RIVER-WEST BRANC,14,,,,,
NY0026166,SCHOHARIE,SCHOHARIE CREEK TRIB,12,,6/17/1905,,,
NY0026174,SUFFOLK,GROUNDWATER,17,GA,5/21/1905,6/20/1905,2A,0
NY0026182,GREENE,COOK BROOK,12,,,,,
NY0026191,PUTNAM,MUDDY BROOK TRIB,13,,,,1,
NY0026204,PUTNAM,TONETTA BROOK,13,,6/12/1905,,,
NY0026212,SUFFOLK,GROUNDWATER,17,GA,5/27/1905,,3A,0
NY0026221,SUFFOLK,GROUNDWATER,17,GA,5/25/1905,,2A,0
NY0026239,SUFFOLK,GROUNDWATER,17,GA,,,,
NY0026247,DUTCHESS,WAPPINGERS CREEK SUBTRIB,13,B,,,1,354
NY0026255,SUFFOLK,GROUNDWATER,17,GA,5/29/1905,6/25/1905,2,1700
NY0026271,SUFFOLK,GROUNDWATER,17,GA,5/26/1905,6/18/1905,3A,0
NY0026280,SUFFOLK,GROUNDWATER,17,GA,,,,
NY0026301,SUFFOLK,GROUNDWATER,17,GA,5/22/1905,6/7/1905,3A,0
NY0026310,SUFFOLK,GROUNDWATER,17,SA,5/26/1905,,2A,0
NY0026328,SUFFOLK,GROUNDWATER,17,GA,5/28/1905,,2,0
NY0026336,SUFFOLK,GROUNDWATER,17,GA,5/25/1905,5/30/1905,3A,0
NY0026344,SUFFOLK,GROUNDWATER,17,GA,5/25/1905,,3A,
NY0026395,SUFFOLK,GROUNDWATER,17,GA,6/2/1905,,2,0
NY0026409,DUTCHESS,GROUNDWATER,13,,,,,
NY0026433,RENSSELAER,HUDSON RIVER,13,C,5/29/1905,,4A,80000
NY0026450,DELAWARE,DELAWARE RIVER-E & W BR,14,A(T),6/5/1905,,2A,1600
NY0026484,ERIE,RANSOM CREEK TRIB,1,C,6/1/1905,,2A,161
NY0026514,PUTNAM,MUSCOOT RIVER TRIB,13,,,,2,
NY0026522,BROOME,PARK CREEK TRIB,6,C,6/13/1905,,1,30
NY0026531,CORTLAND,GROUNDWATER,6,GA,5/30/1905,,1,0
NY0026549,SUFFOLK,GROUNDWATER,17,GA,5/29/1905,,2A,0
NY0026557,ERIE,CAYUGA CREEK,1,C,6/20/1905,,1,0
NY0026565,GREENE,COOK CREEK,12,,,,,
NY0026573,SARATOGA,HUDSON RIVER,11,B,4/22/1905,6/12/1905,2A,1800
NY0026581,WARREN,LAKE GEORGE TRIB-GW,10,GA,2/2/1905,5/28/1905,2,0
NY0026590,WARREN,GROUNDWATER,10,GA,4/21/1905,5/18/1905,2,20000
NY0026620,ONONDAGA,SKANEATELES CREEK,7,C(T),6/5/1905,6/25/1905,2,3200
NY0026638,ERIE,LAKE ERIE,1,A(S),6/2/1905,,4A,85404
NY0026689,WAYNE,RED CREEK,3,C,5/29/1905,,,43
NY0026697,PUTNAM,STEPHENS BROOK,13,,,,1,
NY0026701,DELAWARE,TROUT CREEK,14,,,,3A,
NY0026719,DUTCHESS,FALLKILL CREEK TRIB,13,C,5/20/1905,6/2/1905,2,900
NY0026743,ULSTER,ASHOKON RESERVOIR TRIB,13,,,,,
NY0026751,PUTNAM,CLEAR POOL OUTLET,13,B,,,1,
NY0026778,JEFFERSON,BEAVER MEADOWS,3,C,6/6/1905,,2,240
NY0026786,DUTCHESS,HUDSON RIVER,13,A,5/23/1905,6/13/1905,1,100
NY0026824,RENSSELAER,HUDSON RIVER,13,C,,,1,0
NY0026841,SULLIVAN,WHITE LAKE BROOK,14,B,6/12/1905,,3A,0
NY0026859,WESTCHESTER,CROSS RIVER RES TRIB,13,,,,2,
NY0026867,DELAWARE,HEWETT POND STREAM,14,C(TS),5/23/1905,6/25/1905,3A,
NY0026875,ULSTER,ESPOUS CREEK TRIB,13,B,,,,
NY0026948,CHAUTAUQUA,MIDDLE CASSADAGA LAKE,2,C,3/30/1905,6/11/1905,1,300
NY0026956,GREENE,EAST KILL,12,,,,,
NY0026999,WESTCHESTER,KISCO RIVER TRIB,13,,,,,
NY0027014,GREENE,SCHOHARIE CREEK TRIB,12,,,,,
NY0027049,DELAWARE,VLY CREEK,14,,,,,
NY0027057,WESTCHESTER,HUDSON RIVER,13,SB,5/14/1905,6/3/1905,4A,36000
NY0027073,GREENE,SCHOHARIE CREEK,12,,,,,
NY0027081,GREENE,BATAVIA KILL,12,A(TS),,,,
NY0027120,PUTNAM,GLENCOMA LAKE,13,B,,,,
NY0027146,WESTCHESTER,MUSCOOT RESERVOIR TRIB,13,,,6/21/1905,2,
NY0027154,WESTCHESTER,BROAD BROOK,13,,,,3,
NY0027162,DUTCHESS,STUMP POND STREAM TRIB,13,,,,1,0
NY0027171,DUTCHESS,LAKE HECKSHER,13,B,,,1,
NY0027197,ALBANY,COEYMANS CREEK,13,C(TS),6/11/1905,,1,3500
NY0027545,ERIE,BUFFALO RIVER,1,C,6/13/1905,,IIIB,0
NY0027561,GREENE,SCHOHARIE CREEK SUBTRIB,12,,,,,
NY0027570,CATTARAUGUS,LITTLE VALLEY CREEK,2,C(T),6/1/1905,6/4/1905,2,1184
NY0027596,SUFFOLK,ATLANTIC OCEAN,17,SA,6/3/1905,,4A,175000
NY0027618,DELAWARE,PERCH LAKE OUTLET,14,B,,,2,
NY0027669,GREENE,SCHOHARIE CREEK TRIB,12,,,6/20/1905,,
NY0027693,ONONDAGA,SKANEATELES CREEK,7,C(T),6/5/1905,,2,0
NY0027723,CHAUTAUQUA,CATTARAUGUS CREEK,1,B(T),6/2/1905,,2,2000
NY0027758,ROCKLAND,RAMAPO RIVER,15,A(T),5/26/1905,,2A,120
NY0027766,PUTNAM,SECOR BROOK,13,D,5/30/1905,,3,1350
NY0027774,WESTCHESTER,CROSS RIVER RES SUBTRIB,13,,,,2,
NY0027863,WESTCHESTER,KATONAH BROOK,13,,,,1,
NY0027901,WESTCHESTER,HOLLY STREAM TRIB,13,,5/19/1905,,1,
NY0027961,WESTCHESTER,BROAD BROOK TRIB,13,,,,1,
NY0027979,CHAUTAUQUA,CHAUTAUQUA LAKE,2,A,6/1/1905,6/2/1905,2A,40000
NY0028088,ALBANY,GROUNDWATER,13,GA,,,1,46
NY0028231,ONTARIO,HONEOYE CREEK,4,C,6/1/1905,,2,0
NY0028240,MONTGOMERY,MOHAWK RIVER,12,B,6/1/1905,,3A,3579
NY0028274,OSWEGO,LITTLE SALMON R-NORTH BRA,3,C,6/1/1905,,2A,700
NY0028339,ERIE,CAZENOVIA CREEK-E BR,1,B,6/6/1905,,2,2500
NY0028363,WESTCHESTER,HUDSON RIVER,13,SB,6/3/1905,,4A,29000
NY0028401,LIVINGSTON,KESHEQUA CREEK,4,C,5/31/1905,,3A,1425
NY0028410,GENESEE,MURDER CREEK,1,C,6/2/1905,6/21/1905,2A,850
NY0028436,WAYNE,LAKE ONTARIO,3,A,6/1/1905,,2A,5000
NY0028461,SULLIVAN,CALLICOON CREEK E BR,14,C(T),6/5/1905,,2A,800
NY0028495,ULSTER,RONDOUT CREEK,13,B,6/2/1905,,2A,1200
NY0028509,ULSTER,WALLKILL RIVER,13,B,6/4/1905,6/4/1905,1,0
NY0028525,GREENE,HUDSON RIVER,13,C,6/8/1905,,2A,1000
NY0028533,ORANGE,BLACK MEADOW CREEK TRIB,13,C,6/4/1905,,1,250
NY0028550,WESTCHESTER,WAMPUS RIVER,17,C,6/6/1905,,2,0
NY0028592,ULSTER,SAW KILL,13,B(T),6/7/1905,,3A,0
NY0028606,ULSTER,LATTINTOWN CREEK,13,C,6/5/1905,,2A,0
NY0028771,ULSTER,SWARTE KILL TRIB,13,C,6/9/1905,,1,0
NY0028789,ULSTER,RONDOUT CREEK,13,B(T),6/5/1905,,2A,0
NY0028843,ORANGE,SHAWANGUNK KILL,13,B,6/5/1905,,2A,4950
NY0028851,ST LAWRENCE,GROUNDWATER,9,GA,6/5/1905,,1,450
NY0028908,SULLIVAN,DELAWARE RIVER,14,A,6/5/1905,,1,900
NY0028991,WESTCHESTER,GROUNDWATER,13,,,,,
NY0029017,DUTCHESS,RHINEBECK KILL,13,C,6/6/1905,6/22/1905,3A,798
NY0029050,PUTNAM,TONETTA BROOK,13,D,6/6/1905,,3A,1000
NY0029068,LEWIS,SUGAR RIVER,8,C(T),6/7/1905,,1,200
NY0029076,GENESEE,MINNY CREEK,4,C,6/7/1905,,2A,1103
NY0029106,TOMPKINS,FALL CREEK,7,A,6/7/1905,,1,750
NY0029114,GENESEE,TONAWANDA CREEK,1,A,6/9/1905,,2,450
NY0029149,STEUBEN,CHEMUNG RIVER,5,C,6/5/1905,,2A,1400
NY0029173,SULLIVAN,CALLICOON CREEK,14,C(T),6/5/1905,6/13/1905,2A,0
NY0029190,ERIE,CAYUGA CREEK,1,C,6/8/1905,6/19/1905,1,85404
NY0029211,TOMPKINS,GROUNDWATER,7,GA,6/5/1905,,1,0
NY0029238,BROOME,STARBOARD CREEK,14,B,6/7/1905,,1,500
NY0029254,JEFFERSON,CHAUMONT RIVER,3,C,6/4/1905,6/14/1905,1,700
NY0029262,SCHOHARIE,SCHOHARIE CREEK TRIB,12,A,,,,
NY0029271,WASHINGTON,BATTEN KILL RIVER,11,B(T),6/8/1905,,2,900
NY0029289,SUFFOLK,GROUNDWATER,17,GA,6/2/1905,6/13/1905,2,0
NY0029301,PUTNAM,MUD POND TRIB,13,A,,,2,
NY0029351,PUTNAM,LAKE CARMEL TRIB,13,,,,1,
NY0029475,ULSTER,HUDSON RIVER,13,A,6/6/1905,,2A,800
NY0029718,ULSTER,HUDSON RIVER,13,A,6/7/1905,,2,4000
NY0029726,ORANGE,HUDSON RIVER TRIB,13,C,6/7/1905,,1,120
NY0029769,SULLIVAN,SANDBURG CREEK,13,B,6/7/1905,,1,510
NY0029807,PUTNAM,HOLLY STREAM,13,,,,2A,
NY0029831,WESTCHESTER,GW-DREAM LAKE,13,,,,1,
NY0029939,WESTCHESTER,NEW CROTON RES TRIB,13,B,,,1,
NY0029963,PUTNAM,PLUM BROOK,13,,,,2A,
NY0029971,PUTNAM,CROTON RIVER E BR TRIB,13,,,,2,
NY0030066,WESTCHESTER,NEW CROTON RESERVOIR,13,AA,6/5/1905,,,
NY0030074,DUTCHESS,HUDSON RIVER,13,A,6/9/1905,,3A,8000
NY0030082,ULSTER,GROUNDWATER,13,GA,,,1,0
NY0030139,PUTNAM,CROTON RIVER E BR,13,A(T),,,,
NY0030180,PUTNAM,CROTON RIVER MID BR,13,,5/23/1905,,1,1800
NY0030210,PUTNAM,CROTON RIVER MID BR,13,,,6/19/1905,1,
NY0030252,ORANGE,HUDSON RIVER,13,B,6/7/1905,,2A,3000
NY0030261,BROOME,PORTER HOLLOW CREEK,6,C,6/7/1905,,1,30
NY0030317,BROOME,STILLSON HOLLOW CREEK,6,C,6/6/1905,6/20/1905,1,12
NY0030341,CHENANGO,CHENANGO RIVER,6,C,6/12/1905,,2,1700
NY0030376,OSWEGO,ONEIDA RIVER,7,B,6/8/1905,,1,200
NY0030490,SENECA,SENECA LAKE,7,AA(TS),6/4/1905,,3A,4500
NY0030503,ONTARIO,FLINT CREEK,7,A,6/9/1905,,2A,575
NY0030546,GENESEE,BLACK CREEK,4,C,6/8/1905,,1,288
NY0030571,ONTARIO,WEST RIVER,7,C,6/9/1905,,1,608
NY0030597,WAYNE,CRUSOE CK TRIB,7,C,6/10/1905,,1,490
NY0030627,DUTCHESS,GARDINER HOLLOW BK TRIB,13,A,6/19/1905,,1,120
NY0030635,WESTCHESTER,KISCO RIVER,13,,,,2,
NY0030651,PUTNAM,CROTON RIVER MID BR TRIB,13,,,,2A,
NY0030678,PUTNAM,STILLWATER BROOK TRIB,13,,,,,
NY0030686,PUTNAM,MICHAELS BK.UNNAMED TRIB,13,,,,2,
NY0030694,PUTNAM,GROUNDWATER,13,,6/13/1905,6/16/1905,4A,1100
NY0030708,DUTCHESS,SWAMP RIVER,16,C(T),6/10/1905,,2,0
NY0030716,WESTCHESTER,BROWN BROOK,13,,6/9/1905,,2A,3300
NY0030724,ERIE,GROUNDWATER,1,GA,6/2/1905,,2A,120
NY0030732,CLINTON,LAKE CHAMPLAIN,10,A,6/8/1905,,1,50
NY0030741,WASHINGTON,HUDSON RIVER,11,C,6/10/1905,,3A,15000
NY0030767,NASSAU,MILL NECK CREEK,17,SA,6/4/1905,,1,60
NY0030813,ALBANY,COEYMANS CREEK TRIB,13,C,6/5/1905,,1,0
NY0030864,SCHOHARIE,SCHOHARIE CREEK,12,C,6/10/1905,6/25/1905,2A,600
NY0030872,SUFFOLK,GROUNDWATER,17,GA,6/7/1905,,2,50000
NY0030881,SUFFOLK,GROUNDWATER,17,GA,6/6/1905,6/25/1905,1,168
NY0030899,ESSEX,AUSABLE RIVER,10,C,6/13/1905,,1,850
NY0030970,ERIE,ELLICOTT CREEK,1,B,,,,
NY0030988,ERIE,POND BROOK,1,B,6/12/1905,,2A,195
NY0030996,CATTARAUGUS,GW-WRIGHTS CREEK,2,GA,,,,18
NY0031003,ERIE,BUFFALO RIVER,1,C,6/7/1905,,1,9460
NY0031046,ALLEGANY,GENESEE RIVER SUBTRIB,4,D,6/8/1905,,1,575
NY0031089,ERIE,SCAJAQUADA & CAYUGA CREEK,1,B,,,1,16000
NY0031151,ERIE,RUSH CREEK,1,C,,,1,0
NY0031194,CHAUTAUQUA,LITTLE CHERRY CREEK,2,C(T),6/9/1905,6/25/1905,1,250
NY0031208,CATTARAUGUS,GW-FORKS CREEK,2,GA,6/13/1905,,1,196
NY0031216,CATTARAUGUS,CONEWANGO CREEK-W BR,2,C,6/13/1905,6/24/1905,1,662
NY0031224,GREENE,HUDSON RIVER TRIB,13,C,6/8/1905,,2,0
NY0031232,DELAWARE,BETTY BROOK,14,,,,,
NY0031291,SUFFOLK,PORT JEFFERSON HARBOR,17,SA,6/10/1905,,3A,0
NY0031356,LEWIS,BEAVER RIVER,8,B,6/10/1905,,1,650
NY0031411,ST LAWRENCE,ST LAWRENCE RIVER,9,A,6/9/1905,6/18/1905,2A,500
NY0031429,JEFFERSON,INDIAN RIVER,9,C,6/11/1905,6/20/1905,1,995
NY0031461,PUTNAM,MICHAELS BROOK,13,B,,,,
NY0031518,PUTNAM,AMAWALK RESEV SUBTRB,13,,6/2/1905,,2,
NY0031526,PUTNAM,MUDDY BROOK TRIB,13,,,,2,
NY0031534,WESTCHESTER,GROUNDWATER,13,,4/15/1905,5/18/1905,,2600
NY0031542,PUTNAM,DEFOREST CORNERS BK TRIB,13,,,,2,
NY0031569,SULLIVAN,SHAWANGUNK KILL,13,B(T),6/11/1905,6/20/1905,1,200
NY0031691,PUTNAM,MIDDLE BR RESERVOIR TRIB,13,,,,,
NY0031828,SCHOHARIE,WEST CREEK,12,C,6/11/1905,,1,110
NY0031844,GREENE,SCHOHARIE CREEK,12,,,,,
NY0031895,GREENE,EAST KILL TRIB,12,,,,,
NY0031941,BROOME,THOMAS CREEK,6,D,6/9/1905,,2A,200
NY0032051,BROOME,CHENANGO RIVER,6,B,6/10/1905,6/20/1905,3A,8000
NY0032093,BROOME,LITTLE SNAKE CK TRIB,6,C,6/10/1905,6/25/1905,1,15
NY0032174,OSWEGO,ONEIDA LAKE,7,B,6/13/1905,,2A,774
NY0032204,PUTNAM,CROTON RIVER E BR TRIB,13,B,,,2,
NY0032328,SULLIVAN,KINNE BROOK TRIB,14,B,5/17/1905,6/2/1905,1,33
NY0032433,WESTCHESTER,ST.MARY'S LAKE BROOK,13,,,,2,
NY0032468,WESTCHESTER,CROSS RIVER RES TRIB,13,,,,,
NY0032620,PUTNAM,CROTON R EB TRIB,13,,,,1,
NY0032760,ORANGE,PERRY BROOK,13,C,6/22/1905,6/22/1905,1,120
NY0032816,PUTNAM,CROTON RIVER E BR TRIB,13,,,,,
NY0032972,JEFFERSON,CHAUMONT RIVER,3,C,6/13/1905,,1,270
NY0032999,JEFFERSON,MUD LAKE,9,C,,,1,0
NY0033022,OSWEGO,ONEIDA LAKE,7,B,6/11/1905,,2A,600
NY0033031,ESSEX,BOUQUET RIVER,10,A,6/10/1905,,1,132
NY0033057,PUTNAM,CROTON RIVER MID BR TRIB,13,,,,,
NY0033065,PUTNAM,BOG BROOK RES.TRIB,13,,,,2,
NY0033090,PUTNAM,BOG BROOK RES.TRIB,13,,,,,
NY0033308,PUTNAM,LAKE MACGREGOR OUTLET,13,,,,,
NY0033511,PUTNAM,TONETTA BROOK TRIB,13,,6/20/1905,,,
NY0033545,GREENE,SCHOHARIE CREEK,12,,6/13/1905,6/14/1905,,
NY0033561,GREENE,BATAVIA KILL TRIB 17,12,,,,,
NY0033588,DELAWARE,BEAR KILL,12,,6/7/1905,,,
NY0033901,SUFFOLK,GROUNDWATER,17,GA,,,,
NY0033987,GENESEE,CROOKED BROOK,1,C,6/19/1905,,2A,390
NY0033995,ONONDAGA,GROUNDWATER,7,GA,6/11/1905,,1,165
NY0034002,BROOME,CASTLE CREEK,6,C,6/16/1905,,2A,200
NY0034037,WESTCHESTER,PLUM BROOK,13,,,,,
NY0034436,PUTNAM,MUSCOOT RIVER SUBTRIB,13,B,,,,
NY0034533,WESTCHESTER,BROWN BROOK,13,,,,,
NY0034584,ORANGE,BLACK MEADOW CREEK,13,C,6/22/1905,,,
NY0034657,PUTNAM,TONETTA BROOK,13,A,,,,
NY0034762,PUTNAM,MICHAELS BROOK TRIB,13,,,,,
NY0034771,WESTCHESTER,AMAWALK RESERVOIR TRIB,13,A,,,,
NY0034959,ONEIDA,CINCINNATI CREEK,12,C(T),6/14/1905,,1,600
NY0034983,JEFFERSON,INDIAN RIVER,9,C,6/14/1905,,1,900
NY0035131,JEFFERSON,BLACK RIVER,8,C,6/24/1905,,,140
NY0035530,ST LAWRENCE,OSWEGATCHIE RIVER,9,B,6/16/1905,,,1500
NY0035637,ST LAWRENCE,GRASSE RIVER,9,B,6/17/1905,,2,7500
NY0035645,ONEIDA,BLACK RIVER,8,C(T),6/15/1905,,0,
NY0035688,CLINTON,SEPARATOR BROOK,9,C(T),6/14/1905,,2A,250
NY0035742,ESSEX,BOUQUET RIVER,10,C(T),,,1,
NY0036315,ESSEX,LAKE CHAMPLAIN,10,B,,6/14/1905,2,
NY0036528,COLUMBIA,MUD CREEK,13,C,,,2,
NY0036617,GREENE,JAY HAND HOLLOW,13,,,,1,
NY0036706,ALBANY,GROUNDWATER,13,GA,,,,
NY0036714,GREENE,SCHOHARIE CREEK,12,C(TS),6/26/1905,,,
NY0036731,GREENE,SCHOHARIE CREEK,12,,,,,
NY0036749,GREENE,EAST KILL TRIB,12,,,,,
NY0036790,RENSSELAER,MOORDENER KILL,13,C(TS),,,,
NY0036986,ERIE,CAYUGA CREEK,1,B,,,,
NY0037117,ERIE,CAZENOVIA CK W BR,1,B,5/16/1905,6/8/1905,2A,2600
NY0037265,CHENANGO,GROUNDWATER,6,GA,6/18/1905,,,225
NY0037281,OSWEGO,ONEIDA RIVER,7,B,6/26/1905,,,500
NY0060976,SENECA,POND BROOK TRIB,7,C,6/16/1905,6/18/1905,2,
NY0060992,WAYNE,RED CREEK,3,C,,,,
NY0061913,CHEMUNG,CHEMUNG RIVER,5,A,,,2A,
NY0062251,SENECA,KENDIG CREEK,7,C,6/22/1905,,2,550
NY0062278,ORANGE,WALLKILL RIVER,13,B,6/15/1905,6/21/1905,2,150
NY0062570,WARREN,SCHROON RIVER,11,C(T),6/15/1905,,1,0
NY0063517,SARATOGA,HUDSON RIVER,11,C,,,1,0
NY0063592,WASHINGTON,GROUNDWATER,10,GA,6/3/1905,6/15/1905,,425
NY0063673,DELAWARE,DELAWARE RIVER W BR,14,,6/17/1905,,,
NY0063681,ORANGE,RAMAPO RIVER TRIB,15,C,6/21/1905,,2,13552
NY0065358,WESTCHESTER,MUSCOOT RIVER,13,A(TS),,,,
NY0065447,ULSTER,ASHOKAN RESERVOIR TRIB,13,B,,,,
NY0065706,PUTNAM,MUD POND BROOK,13,A(T),6/15/1905,6/21/1905,,
NY0066028,FULTON,KENNYETTO CREEK,11,C,6/19/1905,,,1400
NY0068225,FULTON,MAYFIELD LAKE,11,B,,,,
NY0068292,FRANKLIN,CHATEAUGAY RIVER,9,C(T),6/18/1905,6/25/1905,,260
NY0068781,CLINTON,SARANAC RIVER,10,A,6/19/1905,,,50
NY0069001,FRANKLIN,ST REGIS RIVER,9,C(T),6/20/1905,,IIA,800
NY0069019,CLINTON,LITTLE CHAZY RIVER,10,C,,,3A,
NY0069388,ONEIDA,FISH CREEK E BR,7,C(T),6/22/1905,,0,318
NY0069604,ST LAWRENCE,ELM CREEK,9,C,,,1,
NY0070033,ST LAWRENCE,SUCKER BROOK TRIB,9,D,6/18/1905,,1,500
NY0070637,ST LAWRENCE,OSWEGATCHIE RIVER,9,B,6/20/1905,,,325
NY0070777,LEWIS,DEER RIVER,8,C,6/21/1905,,,900
NY0071897,LEWIS,BLACK RIVER,8,C,6/22/1905,,1,600
NY0072061,JEFFERSON,LAKE ONTARIO,3,A,6/23/1905,,,1000
NY0072079,CATTARAUGUS,GROUNDWATER,1,GA,,,,
NY0072231,CATTARAUGUS,LITTLE CONNEWANGO CREEK,2,C(T),6/22/1905,,1,
NY0072257,CATTARAUGUS,CATTARAUGUS CREEK S BR,1,C(T),6/20/1905,6/21/1905,,90
NY0072281,ORANGE,BLACK MEADOW CREEK,13,C,,,,
NY0072371,PUTNAM,MUSCOOT RIVER,13,A(T),6/20/1905,,,
NY0072451,ULSTER,LATTINTOWN CREEK,13,C,6/22/1905,,,
NY0072532,WESTCHESTER,KATONAH BROK,13,,4/22/1905,,,
NY0073113,PUTNAM,MUD POND BROOK,13,A(T),,,,
NY0073547,COLUMBIA,HUDSON RIVER,13,A,,,2,
NY0074101,GREENE,CATSKILL CREEK,13,B(T),6/21/1905,,,900
NY0074489,GREENE,LAKE RIP VAN WINKLE TRIB,12,,6/1/1905,,,
NY0075035,SCHENECTADY,NORMANSKILL CREEK,13,C,6/23/1905,,,900
NY0075078,MADISON,CHENANGO RIVER,6,C(T),6/25/1905,,,1200
NY0075132,TIOGA,SUSQUEHANNA RIVER,6,B,6/24/1905,,2A,150
NY0075248,DELAWARE,DELAWARE RIVER - W BR,14,,6/5/1905,6/21/1905,,
NY0075752,GREENE,BATAVIA KILL,12,A(TS),6/26/1905,,,
NY0075809,ULSTER,TWAALFSKILL CREEK TRIB,13,D,6/21/1905,,,500
NY0075957,PUTNAM,GROUNDWATER,13,GA,,,,
NY0076031,WARREN,GRONDWATER,10,GA,,,,
